 <?xml version="1.0" encoding="UTF-8" standalone="yes"?>
<addon id="o.repository.maluco" name="O Repositorio Maluco" version="0.0.1" provider-name="OMaluco">
<extension point="xbmc.addon.repository" name="O Repositorio Maluco">
<info compressed="false">http://o-repositorio-maluco.googlecode.com/svn/trunk/addons.xml</info>
<checksum>http://o-repositorio-maluco.googlecode.com/svn/trunk/addons.xml.md5</checksum>
<datadir zip="false">http://o-repositorio-maluco.googlecode.com/svn/trunk/</datadir>
</extension>
<extension point="xbmc.addon.metadata">
<summary>O Reposit�rio Maluco</summary>
<description>Repositorio para XBMC</description>
<disclaimer></disclaimer>
<platform>all</platform>
</extension>
</addon>
