<?xml version="1.0" encoding="UTF-8" standalone="yes"?>
<addon id="plugin.video.Sites_dos_Portugas" name="[COLOR green]SITES[/COLOR][COLOR yellow]dos[/COLOR][COLOR red]PORTUGAS[/COLOR]" version="0.6.3" provider-name="OMaluco">
  <requires>
    <import addon="xbmc.python" version="2.1.0"/>
    <import addon="script.module.urlresolver" version="2.2.0"/>
  </requires>
  <extension point="xbmc.python.pluginsource" library="addon.py">
    <provides>video</provides>
  </extension>
  <extension point="xbmc.addon.metadata">
    <language>en</language>
    <platform>all</platform>
    <summary lang="en">Filmes dos Portugas</summary>
    <description lang="en">Mashup dos addons Tuga-Filmes.com, Tuga-Filmes.tv, Movietuga e Toppt.net. E ainda os SITESdosBRAZUCAS.</description>
    <platform>all</platform>
  </extension>
</addon>
