<?xml version="1.0" encoding="UTF-8" standalone="yes"?>
<addon id="plugin.video.TugaFilmesCom" name="Tuga-Filmes.com" version="0.0.8" provider-name="OMaluco">
  <requires>
    <import addon="xbmc.python" version="2.1.0"/>
    <import addon="script.module.urlresolver" version="1.0.5"/>
  </requires>
  <extension point="xbmc.python.pluginsource" library="addon.py">
    <provides>video</provides>
  </extension>
  <extension point="xbmc.addon.metadata">
    <language>en</language>
    <platform>all</platform>
    <summary lang="en">Tuga Filmes Com</summary>
    <description lang="en">Filmes do site www.Tuga-Filmes.com</description>
    <platform>all</platform>
  </extension>
</addon>
